Station Name	City, State	URL
WPPB	Southampton, New York	883wppb.org
KJJF	Harlingen, Texas	88fm.org
KSKA	Anchorage, Alaska	alaskapublic.org
WAPR	Selma, Alabama	apr.org
KSDP	Sand Point, Alaska	apradio.org
KAJX	Aspen, Colorado	aspenpublicradio.org
WVUB	Vincennes, Indiana	blazer911wvub.com
KBSM	McCall, Idaho	boisestatepublicradio.org
WCAI	Woods Hole, Massachusetts	capeandislands.org
KXJZ	Sacramento, California	capradio.org
KCPB	Warrenton, Oregon	coastradio.org
KCFC	Boulder, Colorado	cpr.org
WSCL	Salisbury, Maryland	delmarvapublicradio.net
WUCX-FM	Bay City, Michigan	deltabroadcasting.org
WFED	Washington D.C.	federalnewsnetwork.com
WACG-FM	Augusta, Georgia	gpb.org
KANO	Hilo, Hawaii	hawaiipublicradio.org
KUHF	Houston	houstonpublicmedia.org
KANZ	Garden City, Kansas	hppr.org
WMVE	Chase City, Virginia	ideastations.org
KAGI	Grants Pass, Oregon	ijpr.org
WFIU / Indiana Public Media	Bloomington, Indiana	indianapublicmedia.org
WBSB	Anderson, Indiana	indianapublicradio.org
KHKE	Cedar Falls, Iowa	iowapublicradio.org
KACU 89.5 FM	Abilene, Texas	kacu.org
KALW	San Francisco, California	kalw.org
KANH	Emporia, Kansas	kansaspublicradio.org
KGGA	Gallup, New Mexico	kanw.com
KASU	Jonesboro, Arkansas	kasu.org
KAWC-FM	Yuma, Arizona	kawc.org
KAXE	Grand Rapids, Minnesota	kaxe.org
KAZU	Pacific Grove, California	kazu.org
KBAQ	Phoenix, Arizona	kbaq.org
KBBG	Waterloo, Iowa	kbbgfm.org
KBBI	Homer, Alaska	kbbi.org
KBIA	Columbia, Missouri	kbia.org
KBRW	Barrow, Alaska	kbrw.org
KBUT	Crested Butte, Colorado	kbut.org
KCAW	Sitka, Alaska	kcaw.org
KSBX	Santa Barbara, California	kcbx.org
KCCU	Lawton, Oklahoma	kccu.org
KCHU	Valdez, Alaska	kchu.org
KCLU	Santa Barbara, California	kclu.org
KCME	Manitou Springs, Colorado	kcme.org
KCRI	Indio, California	kcrw.com
KCUK	Chevak, Alaska	kcukradio.org
KCUR	Kansas City, Missouri	kcur.org
KDFC	San Francisco, California	kdfc.com
KDLG	Dillingham, Alaska	kdlg.org
KDLL	Kenai, Alaska	kdll.org
KDNK	Glenwood Springs, Colorado	kdnk.org
KEDM	Monroe, Louisiana	kedm.org
KEDT-FM	Corpus Christi, Texas	kedt.org
KENW-FM	Portales, New Mexico	kenw.org
KEOS	College Station, Texas	keos.org
KERA	Dallas, Texas	keranews.org
KETR	Commerce, Texas	ketr.org
KEXP-FM	Seattle, Washington	kexp.org
KFSK	Petersburg, Alaska	kfsk.org
KGLP	Gallup, New Mexico	kglp.org
KGLT	Bozeman, Montana	kglt.net
KGOU	Norman, Oklahoma	kgou.org
KGPR	Great Falls, Montana	kgpr.org
KGVA	Fort Belknap Agency, Montana	kgvafm.com
KHNS	Haines, Alaska	khns.org
KHSU-FM	Arcata, California	khsu.org
KIOS-FM	Omaha, Nebraska	kios.org
KIYU	Galena, Alaska	kiyu.com
KJZZ	Phoenix, Arizona	kjzz.org
KLCC	Eugene, Oregon	klcc.org
KMHD	Gresham, Oregon	kmhd.org
KMUW	Wichita, Kansas	kmuw.org
KMXT	Kodiak, Alaska	kmxt.org
KNAU	Flagstaff, Arizona	knau.org
KNBA	Anchorage, Alaska	knba.org
KNCH	San Angelo, Texas	knch.org
KNPR	Las Vegas, Nevada	knpr.org
KNTU	McKinney, Texas	kntu.com
KOPN	Columbia, Missouri	kopn.org
KOSU	Stillwater, Oklahoma	kosu.org
KOTO	Telluride, Colorado	koto.org
KOTZ	Kotzebue, Alaska	kotz.org
KPBS / KQVO	San Diego	kpbs.org
KPBX-FM	Spokane, Washington	kpbx.org
KPCW	Park City, Utah	kpcw.org
KPRG	Hagåtña, Guam	kprgfm.com
KQED-FM	San Francisco, California	kqed.org
KRBD	Ketchikan, Alaska	krbd.org
KRPS	Pittsburg, Kansas	krps.org
KRVS	Lafayette, Louisiana	krvs.org
KRWG	Las Cruces, New Mexico	krwg.org
KRZA	Alamosa, Colorado	krza.org
KSGU	St. George, Utah	ksgu.org
KSJD	Cortez, Colorado	ksjd.org
KSLU	Hammond, Louisiana	kslu.org
KSTK	Wrangell, Alaska	kstk.org
KSUT	Ignacio, Colorado	ksut.org
KTEP	El Paso, Texas	ktep.org
KTNA	Talkeetna, Alaska	ktna.org
KTOO	Juneau, Alaska	ktoo.org
KTSU	Houston	ktsuradio.com
KTXK	Texarkana, Texas	ktxk.org
KUAC	Fairbanks, Alaska	kuac.org
KUAF	Fayetteville, Arkansas	kuaf.com
KUAR	Little Rock, Arkansas	kuar.org
KUCB	Unalaska, Alaska	kucb.org
KUHB-FM	St. Paul, Alaska	kuhbradio.org
KUNM	Albuquerque, New Mexico	kunm.org
KNCC	Elko, Nevada	kunr.org
KUNV	Las Vegas, Nevada	kunv.org
KUOW	Tumwater, Washington	kuow.org
KDSC	Thousand Oaks, California	kusc.org
KUT	Austin, Texas	kut.org
KUVO	Denver, Colorado	kuvo.org
KUYI	Keams Canyon, Arizona	kuyi.net
KVLU	Beaumont, Texas	kvlu.org
KVNF	Montrose, Colorado	kvnf.org
KPRX	Bakersfield, California	kvpr.org
KWBU-FM	Waco, Texas	kwbu.org
KOJI	Okoboji, Iowa	kwit.org
KXCV	Maryville, Missouri	kxcv.org
KKXT	Dallas, Texas	kxt.org
KXWT	Odessa, Texas	kxwt.org
KYVT	Yakima, Washington	kyvtradio.com
KZUM 89.3 FM/HD	Lincoln, Nebraska	kzum.org
KZYX	Philo, California	kzyx.org
WLPR-FM	Lowell, Indiana	lakeshorepublicmedia.org
WRNI	Providence, Rhode Island	lprri.org
KRTS	Marfa, Texas	marfapublicradio.org
WFUM	Flint, Michigan	michiganradio.org
WMEA	Portland, Maine	mpbn.net
WMAB-FM	Mississippi State, Mississippi	mpbonline.org
KRSD	Sioux Falls, South Dakota	mpr.org
KUFM	Missoula, Montana	mtpr.net
KFPR	Redding, California	mynspr.org
WNCK	Nantucket, Massachusetts	nantucketnpr.org
WPLN (Nashville Public Radio)	Madison, Tennessee	nashvillepublicradio.org
WNNZ	Springfield, Massachusetts	nepr.net
KCNE-FM	Chadron, Nebraska	netnebraska.org
WEVC	Gorham, New Hampshire	nhpr.org
WNJP	Sussex, New Jersey	njpublicradio.org
WSLJ	Watertown, New York	northcountrypublicradio.org
WNIE	Freeport, Illinois	northernpublicradio.org
WUIS / IPR	Springfield, Illinois	nprillinois.org
KNNB	Whiteriver, Arizona	nv1.org
KFAE-FM	Richland, Washington	nwpr.org
KOAB-FM	Bend, Oregon	opb.org
WCBU	Peoria, Illinois	peoriapublicradio.org
KFJM	Grand Forks, North Dakota	prairiepublic.org
WTEB	North Bern, North Carolina	publicradioeast.org
KUAZ/AZPM	Tucson, Arizona	radio.azpm.org
KBSJ	Jackpot, Nevada	radio.boisestate.edu
KRCB-FM	Windsor, California	radio.krcb.org
KTTZ-FM	Lubbock, Texas	radio.kttz.org
WPSU	State College, Pennsylvania	radio.wpsu.org
WWVT-FM	Ferrum, Virginia	radioiq.org
WYMS	Milwaukee, Wisconsin	radiomilwaukee.org
KBSA	El Dorado, Arkansas	redriverradio.org
WELH	Providence, Rhode Island	ripr.org
WMOT	Murfreesboro, Tennessee	rootsradio.com
KPCC	Pasadena, California	scpr.org
WEPR	Greenville, South Carolina	scpublicradio.org
KBHE-FM	Rapid City, South Dakota	sdpb.org
WJWJ-FM	Beaufort, South Carolina	southcarolinapublicradio.org
KWMU	St. Louis, Missouri	stlpublicradio.org
WTSU	Troy, Alabama	troypublicradio.org
WIUM	Macomb, Illinois	tspr.org
KUSU-FM	Logan, Utah	upr.org
WBEW	Chesterton, Indiana	vocalo.org
WBTN-FM	Bennington, Vermont	vpr.net
WABE	Atlanta, Georgia	wabe.org
WAMC	Albany, New York	wamc.org
WAMU	Washington, D.C.	wamu.org
WAUS	Berrien Springs, Michigan	waus.org
WBAA	West Lafayette, Indiana	wbaa.org
WBEK	Kankakee, Illinois	wbez.org
WBFO	Buffalo, New York	wbfo.org
WBGO	Newark, New Jersey	wbgo.org
WBHM	Birmingham, Alabama	wbhm.org
WBOI	Fort Wayne, Indiana	wboi.org
WBRH	Baton Rouge, Louisiana	wbrh.org
WBUR-FM	Boston, Massachusetts	wbur.org
WCBE	Columbus, Ohio	wcbe.org
WCLK	Atlanta, Georgia	wclk.com
WCMU-FM	Mount Pleasant, Michigan	wcmu.org
WCPN	Cleveland, Ohio	wcpn.org
WMQS	Murphy, North Carolina	wcqs.org
WCSU-FM	Wilberforce, Ohio	wcsufm.org
WCWP	Brookville, New York	wcwp.org
WDAV	Davidson, North Carolina	wdav.org
WDCB	Glen Ellyn, Illinois	wdcb.org
WDDE	Dover, Delaware	wdde.org
WDET-FM	Detroit, Michigan	wdet.org
WDIY	Allentown, Pennsylvania	wdiy.org
WDNA	Miami, Florida, U.S.	wdna.org
WECS	Windham, Connecticut	wecsradio.com
WEKU	Richmond, Kentucky	weku.fm
89.1 WEMU	Ypsilanti, Michigan	wemu.org
WEOS	Geneva, New York	weos.org
WESA	Pittsburgh, Pennsylvania	wesa.fm
WESM	Princess Anne, Maryland	wesm913.org
WESU	Middletown, Connecticut	wesufm.org
WETS-FM	Johnson City, Tennessee	wets.org
WFAE	Charlotte, North Carolina	wfae.org
WFDD	Winston-Salem, North Carolina	wfdd.org
WFIT	Melbourne, Florida	wfit.org
WFPK	Louisville, Kentucky	wfpk.org
WSFU	Thomasville, Georgia	wfsu.org
WFUV	New York, New York	wfuv.org
WFWM	Frostburg, Maryland	wfwm.org
WFYI-FM	Indianapolis, Indiana	wfyi.org
WGBH	Boston, Massachusetts	wgbh.org
WGCU-FM	Fort Myers, Florida	wgcu.org
WGLT	Normal, Illinois	wglt.org
WGTD	Kenosha, Wisconsin	wgtd.org
WGUC	Cincinnati, Ohio	wguc.org
WGVS-FM:	Grand Rapids , Michigan	wgvunews.org
WHIL	Mobile, Alabama	whil.org
WHQR	Wilmington, North Carolina	whqr.org
WHYY-FM	Philadelphia, Pennsylvania	whyy.org
WICN	Worcester, Massachusetts	wicn.org
WITF-FM	Harrisburg, Pennsylvania	witf.org
WJAB	Huntsville, Alabama	wjab.org
WJCT	Jacksonville, Florida	wjct.org
WJSU-FM	Jackson, Mississippi	wjsu.org
WKAR	East Lansing, Michigan	wkar.org
WKGC	Southport, Florida	wkgc.org
WKMS-FM	Murray, Kentucky	wkms.org
WKNP	Jackson, Tennessee	wknofm.org
WKSU	Kent, Ohio	wksu.org
WDCL	Somerset, Kentucky	wkyufm.org
WLRH	Huntsville, Alabama	wlrh.org
WKWM	Marathon, Florida	wlrn.org
WMFE-FM	Orlando, Florida	wmfe.org
WMHT-FM	Schenectady, New York	wmht.org
WMKY	Morehead, Kentucky	wmky.org
WMLU	Farmville, Virginia	wmlu.org
WMNF	Tampa, Florida	wmnf.org
WMRA	Harrisonburg, Virginia	wmra.org
WVXU	Oxford, Ohio	wmub.org
WMUK	Kalamazoo, Michigan	wmuk.org
WNCU	Durham, North Carolina	wncu.org
WNCW	Spindale, North Carolina	wncw.org
WNJA	Jamestown, New York	wned.org
WNIN-FM	Evansville, Indiana	wnin.org
WNMU-FM	Marquette, Michigan	wnmufm.org
WOJB	Reserve, Wisconsin	wojb.org
WOSU-FM	Columbus, Ohio	wosu.org
WOUB-FM	Athens, Ohio	woub.org
WERN	Madison, Wisconsin	wpr.org
WPRL	Lorman, Mississippi	wprl.org
WQCS	Fort Pierce, Florida	wqcs.org
WQED-FM	Pittsburgh, Pennsylvania	wqed.org
WQLN-FM	Erie, Pennsylvania	wqln.org
WRCU-FM	Hamilton, NY	wrc.fm
WRKF	Baton Rouge, Louisiana	wrkf.org
WRTI	Philadelphia, Pennsylvania	wrti.org
WRTU	San Juan, Puerto Rico	wrtu.pr
WRVD	Syracuse, New York	wrvo.fm
WRVO	Oswego, New York	wrvo.org
WQQQ	Sharon, Connecticut	wshu.org
WSIU	Carbondale, Illinois	wsiu.org
WSKG-FM	Binghamton, New York	wskg.org
WSMC-FM	Collegedale, Tennessee	wsmc.org
WSNC	Winston-Salem, North Carolina	wsncradio.org
WSVH	Savannah, Georgia	wsvh.org
WTIP	Grand Marais, Minnesota	wtip.org
WTJX-FM	Charlotte Amalie, U.S. Virgin Islands	wtjx.org
WUCF-FM	Orlando, Florida	wucf.org
WJUF	Inverness, Florida	wuft.org
WUGA	Athens, Georgia	wuga.org
WUKY	Lexington, Kentucky	wuky.org
WUMB	Boston, Massachusetts	wumb.org
WFSS	Fayetteville, North Carolina	wunc.org
WUOT	Knoxville, Tennessee	wuot.org
WURC	Holly Springs, Mississippi	wurc.org
WUSF	Tampa, Florida	wusf.org
WUTC	Chattanooga, Tennessee	wutc.org
WUWF	Pensacola, Florida	wuwf.org
WUWM	Milwaukee, Wisconsin	wuwm.com
WVAS	Montgomery, Alabama	wvasfm.org
WVIA-FM	Scranton, Pennsylvania	wvia.org
WVIK	Rock Island, Illinois	wvik.org
WVOF	Fairfield, Connecticut	wvof.org
WVPE	Elkhart, Indiana	wvpe.org
WVBY	Beckley, West Virginia	wvpublic.org
WISE-FM	Wise, Virginia	wvtf.org
KTLN	Thibodaux, Louisiana	wwno.org
WXPR	Rhinelander, Wisconsin	wxpr.org
WXXI	Rochester, New York	wxxi.org
WYEP-FM	Pittsburgh, Pennsylvania	wyep.org
KUWP	Powell, Wyoming	wyomingpublicmedia.org
KBUW	Buffalo, Wyoming	wyomingpublicradio.net
WYPO	Ocean City, MD	wypr.org
WYSO	Yellow Springs, Ohio	wyso.org
WYSU	Youngstown, Ohio	wysu.org
WXPJ	Hackettstown, New Jersey	xpn.org
KAPC	Butte, Montana	yellowstonepublicradio.org
KYPX	Helena Valley Southeast, Montana	ypradio.org
