Station	Website	Network
KAAL	kaaltv.com	ABC
KABC-TV	abc7.com	ABC
KAIT	kait8.com	ABC
KAKE	kake.com	ABC
KAPP	kapptv.com	ABC
KATC	katc.com	ABC
KATU	katu.com	ABC
KATV	katv.com	ABC
KAVU-TV	crossroadstoday.com	ABC
KBMT	12newsnow.com	ABC
KCAU-TV	siouxlandproud.com	ABC
KCRG-TV	kcrg.com	ABC
KDNL-TV	abcstlouis.com	ABC
KDRV	kdrv.com	ABC
KERO-TV	turnto23.com	ABC
KESQ-TV	kesq.com	ABC
KETV	ketv.com	ABC
KEYT-TV	keyt.com	ABC
KEZI	kezi.com	ABC
KFBB-TV	kfbb.com	ABC
KGO-TV	abc7news.com	ABC
KGTV	10news.com	ABC
KGUN-TV	kgun9.com	ABC
KHBS	4029tv.com	ABC
KHGI-TV	nebraska.tv	ABC
KIFI-TV	localnews8.com	ABC
KIII-TV	kiiitv.com	ABC
KITV	kitv.com	ABC
KIVI-TV	kivitv.com	ABC
KJCT-LP	kjct8.com	ABC
KJUD	youralaskalink.com	ABC
KLAX-TV	klax-tv.com	ABC
KLKN	klkntv.com	ABC
KLTV	kltv.com	ABC
KMBC-TV	kmbc.com	ABC
KMGH-TV	thedenverchannel.com	ABC
KMID-TV	yourbasin.com	ABC
KMIZ	abc17news.com	ABC
KNEP	nbcneb.com	ABC
KNXV-TV	abc15.com	ABC
KOAT-TV	koat.com	ABC
KOCO-TV	koco.com	ABC
KODE-TV	fourstateshomepage.com	ABC
KOHD	kohd.com	ABC
KOLO-TV	kolotv.com	ABC
KOMO-TV	komonews.com	ABC
KOTA-TV	kotatv.com	ABC
KQTV	kq2.com	ABC
KRCR-TV	krcrtv.com	ABC
KRDO-TV	krdo.com	ABC
KRGV-TV	krgv.com	ABC
KSAT-TV	ksat.com	ABC
KSFY-TV	ksfy.com	ABC
KSPR-LD	kspr.com	ABC
KSTP-TV	kstp.com	ABC
KSVI	yourbigsky.com	ABC
KSWO-TV	kswo.com	ABC
KTBS-TV	ktbs.com	ABC
KTKA-TV	ksnt.com	ABC
KTMF	abcfoxmontana.com	ABC
KTNV-TV	ktnv.com	ABC
KTRE	ktre.com	ABC
KTRK-TV	abc13.com	ABC
KTUL-TV	ktul.com	ABC
KTVO	ktvo.com	ABC
KTVX	abc4.com	ABC
KTWO-TV	k2tv.com	ABC
KTXS-TV	ktxs.com	ABC
KVEW	kvewtv.com	ABC
KVIA-TV	kvia.com	ABC
KVII-TV	abc7amarillo.com	ABC
KVUE	kvue.com	ABC
KXLY-TV	kxly.com	ABC
KXTV	abc10.com	ABC
KXXV	kxxv.com	ABC
WAAY-TV	waaytv.com	ABC
WABC-TV	abc7ny.com	ABC
WABG-TV	yourdeltanews.com	ABC
WAOW	waow.com	ABC
WAPT	wapt.com	ABC
WATE-TV	wate.com	ABC
WATM-TV	abc23.com	ABC
WATN-TV	localmemphis.com	ABC
WAWV-TV	mywabashvalley.com	ABC
WBAY-TV	wbay.com	ABC
WBBJ-TV	wbbjtv.com	ABC
WBKO	wbko.com	ABC
WBMA-LD	abc3340.com	ABC
WBND-LD	abc57.com	ABC
WBRZ-TV	wbrz.com	ABC
WBUP	abc10up.com	ABC
WCHS-TV	wchstv.com	ABC
WCJB-TV	wcjb.com	ABC
WCPO-TV	wcpo.com	ABC
WCTI-TV	wcti12.com	ABC
WCVB-TV	wcvb.com	ABC
WDAY-TV	wday.com	ABC
WDAZ-TV	wdaz.com	ABC
WDHN	dothanfirst.com	ABC
WDIO-TV	wdio.com	ABC
WEAR-TV	weartv.com	ABC
WEHT	tristatehomepage.com	ABC
WENY-TV	weny.com	ABC
WEWS	news5cleveland.com	ABC
WFAA-TV	wfaa.com	ABC
WFTS-TV	abcactionnews.com	ABC
WFTV	wftv.com	ABC
WGGB-TV	westernmassnews.com	ABC
WGNO	wgno.com	ABC
WGTU	upnorthlive.com	ABC
WHAM-TV	13wham.com	ABC
WHAS-TV	whas11.com	ABC
WHSV-TV	whsv.com	ABC
WHTM-TV	abc27.com	ABC
WICS	newschannel20.com	ABC
WISN-TV	wisn.com	ABC
WIVT	binghamtonhomepage.com	ABC
WJBF	wjbf.com	ABC
WJCL	wjcl.com	ABC
WJET-TV	yourerie.com	ABC
WJLA-TV	wjla.com	ABC
WJRT-TV	abc12.com	ABC
WJXX	firstcoastnews.com	ABC
WKBW-TV	wkbw.com	ABC
WKEF	dayton247now.com	ABC
WKOW-TV	wkow.com	ABC
WKRN-TV	wkrn.com	ABC
WLNE-TV	abc6.com	ABC
WLOS	wlos.com	ABC
WLOX	wlox.com	ABC
WLS-TV	abc7chicago.com	ABC
WMAR-TV	WMAR2news.com	ABC
WMBB	mypanhandle.com	ABC
WMDT	wmdt.com	ABC
WMTW	wmtw.com	ABC
WMUR-TV	wmur.com	ABC
WNEP-TV	wnep.com	ABC
WOAY-TV	woay.com	ABC
WOHL-CD	hometownstations.com	ABC
WOI-TV	weareiowa.com	ABC
WOLO-TV	abccolumbia.com	ABC
WOTV	wotv4women.com	ABC
WPBF	wpbf.com	ABC
WPBY-CD	starcitybroadcasting.com	ABC
WPDE-TV	wpde.com	ABC
WPLG	local10.com	ABC
WPTA	wpta21.com	ABC
WPVI-TV	6abc.com	ABC
WQAD-TV	wqad.com	ABC
WQOW	wqow.com	ABC
WRIC-TV	wric.com	ABC
WRTV	theindychannel.com	ABC
WSB-TV	wsbtv.com	ABC
WSET-TV	wset.com	ABC
WSIL-TV	wsiltv.com	ABC
WSOC-TV	wsoctv.com	ABC
WSYR-TV	localsyr.com	ABC
WSYX	abc6onyourside.com	ABC
WTAE-TV	wtae.com	ABC
WTEN	news10.com	ABC
WTNH-TV	wtnh.com	ABC
WTOK-TV	wtok.com	ABC
WTVC	newschannel9.com	ABC
WTVD	abc11.com	ABC
WTVG	13abc.com	ABC
WTVM	wtvm.com	ABC
WTVO	mystateline.com	ABC
WTVQ-TV	wtvq.com	ABC
WTXL-TV	wtxl.com	ABC
WUTR	cnyhomepage.com	ABC
WVAW-LD	cbs19news.com	ABC
WVEC-TV	13newsnow.com	ABC
WVII-TV	foxbangor.com	ABC
WVNY	mychamplainvalley.com	ABC
WWAY	wwaytv3.com	ABC
WWSB	mysuncoast.com	ABC
WWTI	informnny.com	ABC
WXLV-TV	abc45.com	ABC
WXOW	wxow.com	ABC
WXYZ-TV	wxyz.com	ABC
WYTV	wytv.com	ABC
WZVN-TV	abc-7.com	ABC
WZZM	wzzm13.com	ABC
KPIX	sanfrancisco.cbslocal.com	CBS
KOVR	sacramento.cbslocal.com	CBS
KCNC-TV	cbsdenver.com	CBS
WFOR-TV	miami.cbslocal.com	CBS
WBBM-TV	chicago.cbslocal.com	CBS
WJZ-TV	baltimore.cbslocal.com	CBS
WBZ-TV	boston.cbslocal.com	CBS
WWJ-TV	detroit.cbslocal.com	CBS
WCCO-TV	minnesota.cbslocal.com	CBS
WCBS-TV	newyork.cbslocal.com	CBS
KYW-TV	philadelphia.cbslocal.com	CBS
KDKA-TV	pittsburgh.cbslocal.com	CBS
KTVT	dfw.cbslocal.com	CBS
KTAB-TV	bigcountryhomepage.com	CBS
KRQE	krqe.com	CBS
WBKB-TV	wbkb11.com	CBS
WTAJ-TV	wearecentralpa.com	CBS
KFDA-TV	newschannel10.com	CBS
KTVA	ktva.com	CBS
WGCL-TV	cbs46.com	CBS
WRDW-TV	wrdw.com	CBS
KEYE-TV	cbsaustin.com	CBS
KBAK-TV	bakersfieldnow.com	CBS
WABI-TV	wabi.tv	CBS
WAFB	wafb.com	CBS
WNEM-TV	wnem.com	CBS
KFDM-TV	kfdm.com	CBS
KTVQ	ktvq.com	CBS
WBNG-TV	wbng.com	CBS
WIAT	cbs42.com	CBS
KXMB-TV	KXnet.com	CBS
WTTV	cbs4indy.com	CBS
KBOI-TV	idahonews.com	CBS
KBTX-TV	kbtx.com	CBS
WIVB-TV	wivb.com	CBS
WCAX-TV	wcax.com	CBS
KXLF-TV	kxlf.com	CBS
WWTV	9and10news.com	CBS
KFVS-TV	kfvs12.com	CBS
WWNY-TV	wwnytv.com	CBS
KGAN-TV	cbs2iowa.com	CBS
WCIA	illinoishomepage.net	CBS
WCSC-TV	live5news.com	CBS
WBTV	wbtv.com	CBS
WDEF-TV	wdef.com	CBS
KGWN-TV	wyomingnewsnow.tv	CBS
KHSL-TV	actionnewsnow.com	CBS
WKRC-TV	local12.com	CBS
KKTV	kktv.com	CBS
WLTX	wltx.com	CBS
WRBL	wrbl.com	CBS
WCBI-TV	wcbi.com	CBS
WBNS-TV	10tv.com	CBS
KZTV	kztv10.com	CBS
WHIO-TV	whio.com	CBS
KCCI	kcci.com	CBS
KBSD-TV	kwch.com	CBS
WTVY	wtvy.com	CBS
KDBC-TV	cbs4local.com	CBS
WSEE-TV	erienewsnow.com	CBS
WJMN-TV	upmatters.com	CBS
KVAL-TV	kval.com	CBS
KVIQ	kviqcbs17.com	CBS
WEVV-TV	wevv.com	CBS
KXDF-CD	webcenter11.com	CBS
WBTW	wbtw.com	CBS
WINK-TV	winknews.com	CBS
KFSM-TV	5newsonline.com	CBS
WANE-TV	wane.com	CBS
WIFR-LD	wifr.com	CBS
KGPE	yourcentralvalley.com	CBS
KXGN-TV	kxgn.com	CBS
WNCN	cbs17.com	CBS
KGIN	1011now.com	CBS
KREX-TV	westernslopenow.com	CBS
KRTV	krtv.com	CBS
WFRV-TV	wearegreenbay.com	CBS
WFMY-TV	wfmynews2.com	CBS
WNCT-TV	wnct.com	CBS
KHQA-TV	khqa.com	CBS
KGBT-TV	valleycentral.com	CBS
WHP-TV	local21news.com	CBS
WFSB	wfsb.com	CBS
WYMT-TV	wymt.com	CBS
WGFL	mycbs4.com	CBS
KGMB	hawaiinewsnow.com	CBS
KXJB-LD	valleynewslive.com	CBS
KHOU-TV	khou.com	CBS
WOWK-TV	wowktv.com	CBS
WHNT-TV	whnt.com	CBS
WJTV	wjtv.com	CBS
WJAX-TV	actionnewsjax.com	CBS
KRCG	krcgtv.com	CBS
WJHL-TV	wjhl.com	CBS
WWMT	wwmt.com	CBS
KCTV	kctv5.com	CBS
WVLT-TV	wvlt.tv	CBS
WKBT	news8000.com	CBS
WLFI-TV	wlfi.com	CBS
KLFY-TV	klfy.com	CBS
WLNS-TV	wlns.com	CBS
KLAS-TV	8newsnow.com	CBS
WVNS-TV	wvnstv.com	CBS
KLEW-TV	klewtv.com	CBS
WKYT-TV	wkyt.com	CBS
KTHV	thv11.com	CBS
WLKY-TV	wlky.com	CBS
KLBK-TV	everythinglubbock.com	CBS
WMAZ-TV	13wmaz.com	CBS
WISC-TV	channel3000.com	CBS
KEYC-TV	keyc.com	CBS
KIMT	kimt.com	CBS
KTVL	ktvl.com	CBS
WREG-TV	wreg.com	CBS
WMDN	wgbctv.com	CBS
WDJT-TV	cbs58.com	CBS
KPAX-TV	kpax.com	CBS
WKRG-TV	wkrg.com	CBS
KNOE-TV	knoe.com	CBS
KION-TV	kion546.com	CBS
KYTX	cbs19.tv	CBS
WTVF	newschannel5.com	CBS
WWL-TV	wwltv.com	CBS
WTKR	wtkr.com	CBS
KNPL-LD	1011np.com	CBS
KOSA-TV	cbs7.com	CBS
KWTV	news9.com	CBS
KMTV	3newsnow.com	CBS
WKMG-TV	clickorlando.com	CBS
WECP-LD	wjhg.com	CBS
KEPR-TV	keprtv.com	CBS
WMBD-TV	centralillinoisproud.com	CBS
KPHO-TV	azfamily.com	CBS
KOAM-TV	koamtv.com	CBS
WGME-TV	wgme.com	CBS
KOIN-TV	koin.com	CBS
WPRI-TV	wpri.com	CBS
KTVN	ktvn.com	CBS
WTVR-TV	wtvr.com	CBS
WDBJ	wdbj7.com	CBS
WROC-TV	rochesterfirst.com	CBS
WHBF-TV	ourquadcities.com	CBS
KCJO-LD	newspressnow.com	CBS
KMOV	kmov.com	CBS
WTSP	wtsp.com	CBS
WBOC-TV	wboc.com	CBS
KUTV	kutv.com	CBS
KLST	conchovalleyhomepage.com	CBS
KENS-TV	kens5.com	CBS
KFMB-TV	cbs8.com	CBS
KCOY-TV	kcoy.com	CBS
WTOC-TV	wtoc.com	CBS
WRGB	cbs6albany.com	CBS
WYOU	pahomepage.com	CBS
KIRO-TV	kiro7.com	CBS
WAKA	alabamanews.net	CBS
WOIO	cleveland19.com	CBS
KXII	kxii.com	CBS
KSLA-TV	ksla.com	CBS
KMEG	siouxlandnews.com	CBS
KELO-TV	keloland.com	CBS
WSBT-TV	wsbt.com	CBS
WSPA-TV	wspa.com	CBS
KREM-TV	krem.com	CBS
KOLR-TV	ozarksfirst.com	CBS
WTVH	cnycentral.com	CBS
WTHI-TV	wthitv.com	CBS
WCTV	wctv.tv	CBS
WTOL-TV	wtol.com	CBS
WIBW-TV	wibw.com	CBS
KOLD-TV	kold.com	CBS
KOTV	newson6.com	CBS
KMVT	kmvt.com	CBS
KWTX-TV	kwtx.com	CBS
WUSA	wusa9.com	CBS
WSAW-TV	wsaw.com	CBS
WPEC	cbs12.com	CBS
WDTV	wdtv.com	CBS
WTRF-TV	wtrf.com	CBS
KAUZ-TV	newschannel6now.com	CBS
KIMA-TV	kimatv.com	CBS
WKBN-TV	wkbn.com	CBS
KSWT	kswt.com	CBS
WMNS-LD	cbstv2vi.com	CBS
KTTV	foxla.com	FOX
KTVU	ktvu.com	FOX
WTTG	fox5dc.com	FOX
WOGX	wogx.com	FOX
WOFL	fox35orlando.com	FOX
WTVT	fox13news.com	FOX
WAGA-TV	fox5atlanta.com	FOX
WFLD-TV	fox32chicago.com	FOX
WJBK-TV	fox2detroit.com	FOX
KMSP-TV	fox9.com	FOX
WNYW	fox5ny.com	FOX
WJZY	fox46charlotte.com	FOX
WTXF-TV	fox29.com	FOX
KTBC-TV	fox7austin.com	FOX
KDFW-TV	fox4news.com	FOX
KRIV-TV	fox26houston.com	FOX
WFXT	fox25boston.com	FOX
KCPQ	q13fox.com	FOX
WSVN	wsvn.com	FOX
KDVR	kdvr.com	FOX
WJW-TV	fox8.com	FOX
KTXL	fox40.com	FOX
KTVI	fox2now.com	FOX
KPTV	kptv.com	FOX
WPGH-TV	wpgh53.com	FOX
WRAZ	fox50.com	FOX
WXIN	fox59.com	FOX
WBFF	foxbaltimore.com	FOX
KSWB-TV	fox5sandiego.com	FOX
WZTV	fox17.com	FOX
WTIC-TV	fox61.com	FOX
WDAF-TV	fox4kc.com	FOX
WTTE	myfox28columbus.com	FOX
KSTU	fox13now.com	FOX
WITI-TV	fox6now.com	FOX
WXIX-TV	fox19.com	FOX
KABB	foxsanantonio.com	FOX
WHNS	foxcarolina.com	FOX
WFLX	wflx.com	FOX
WBRC-TV	wbrc.com	FOX
KVVU-TV	fox5vegas.com	FOX
WPMT	fox43.com	FOX
WXMI	fox17online.com	FOX
WVBT	fox43tv.com	FOX
KOKH-TV	okcfox.com	FOX
WGHP	myfox8.com	FOX
WDRB-TV	wdrb.com	FOX
WUTV	wutv29.com	FOX
WHBQ-TV	fox13memphis.com	FOX
WVUE-DT	fox8live.com	FOX
WNAC-TV	foxprovidence.com	FOX
WOLF-TV	fox56.com	FOX
KMPH-TV	kmph-kfre.com	FOX
KLRT-TV	fox16.com	FOX
WRLH-TV	foxrichmond.com	FOX
KOKI-TV	fox23.com	FOX
WALA-TV	fox10tv.com	FOX
WTNZ	wtnzfox43.com	FOX
WFTX-TV	fox4now.com	FOX
WRGT-TV	fox45now.com	FOX
WDKY-TV	foxlexington.com	FOX
WVAH-TV	wvah.com	FOX
WFXR	wfxrtv.com	FOX
KSAS-TV	foxkansas.com	FOX
WSMH	wsmh.com	FOX
WLUK-TV	fox11online.com	FOX
KHON-TV	khon2.com	FOX
KDSM-TV	kdsm17.com	FOX
KAYU-TV	myfoxspokane.com	FOX
KRBK	fox5krbk.com	FOX
KPTM	fox42kptm.com	FOX
WACH	wach.com	FOX
WPFO	fox23maine.com	FOX
WUHF	foxrochester.com	FOX
WZDX	rocketcitynow.com	FOX
KBSI	kbsi23.com	FOX
WRSP-TV	foxillinois.com	FOX
KMSS-TV	arklatexhomepage.com	FOX
WSYT-TV	foxsyracuse.com	FOX
WMSN-TV	fox47.com	FOX
KFXV-LD	foxrio2.com	FOX
KWKT-TV	fox44news.com	FOX
KFXA	fox28iowa.com	FOX
KXRM-TV	fox21news.com	FOX
KFOX-TV	kfoxtv.com	FOX
WTGS	fox28media.com	FOX
WDBD	msnewsnow.com	FOX
WGMB-TV	brproud.com	FOX
WEMT	wcyb.com	FOX
WTAT-TV	foxcharleston.com	FOX
KFTA-TV	nwahomepage.com	FOX
WWCP-TV	fox8tv.com	FOX
WFXB	wfxb.com	FOX
KFXL-TV	foxnebraska.com	FOX
WTWC-DT2	wtwc40.com	FOX
KFXK-TV	easttexasmatters.com	FOX
KRXI	foxreno.com	FOX
WFFT-TV	wfft.com	FOX
WFXG	wfxg.com	FOX
KTTW	kttw.com	FOX
WSYM-TV	fox47news.com	FOX
KVRR	kvrr.com	FOX
WGXA	wgxa.tv	FOX
WCOV-TV	wcov.com	FOX
WFQX-TV	mifox32.com	FOX
KLSR-TV	oregonsfox.com	FOX
KKFX-CD	myfox11.com	FOX
KFFX-TV	myfoxtricities.com	FOX
KADN-TV	kadn.com	FOX
KCBA	kcba.com	FOX
WXTX	wxtx.com	FOX
WLAX-TV	wiproud.com	FOX
KUQI	fox38corpuschristi.com	FOX
KCIT	myhighplains.com	FOX
WSFX-TV	foxwilmington.com	FOX
WLOV-TV	wlov.com	FOX
KARD-TV	myarklamiss.com	FOX
KQDS-TV	fox21online.com	FOX
KMVU-DT	fox26medford.com	FOX
KBTV-TV	fox4beaumont.com	FOX
KJTL	texomashomepage.com	FOX
KJTV-TV	fox34.com	FOX
WBOC-DT2	fox21delmarva.com	FOX
KFJX	fox14tv.com	FOX
WFXL	wfxl.com	FOX
KFYR-DT2	kfyrtv.com	FOX
KMOT-DT2	kmot.com	FOX
KQCD-DT2	kqcd.com	FOX
KXND-LP	kumv.com	FOX
KXLT-TV	myfox47.com	FOX
WTHI-DT2	myfox10tv.com	FOX
WVNS-DT2	wvnstv.com	FOX
WICZ-TV	wicz.com	FOX
WTOV-DT2	wtov9.com	FOX
WXXV-TV	wxxv25.com	FOX
KXVA	fox15abilene.com	FOX
KECY-TV	kecytv.com	FOX
WHPM-LD	myfox23.com	FOX
WGEM-DT3	wgem.com	FOX
KEVN-LD	blackhillsfox.com	FOX
KVHP	watchfox29.com	FOX
WNTZ-TV	cenlanow.com	FOX
KJNB-LD	kjnbtv.com	FOX
KXOF-CD	mylaredofox.com	FOX
KLDO-DT3	kldotv.com	FOX
KFXO-LD	ktvz.com	FOX
KIDY	myfoxzone.com	FOX
KYOU-TV	kyoutv.com	FOX
KFXF-LD	webcenter11.com	FOX
WAGM-TV	wagmtv.com	FOX
KIIT-CD	knopnews2.com	FOX
KEQI-LP	fox6guam.com	FOX
WSJP-LP	wsjptv.com	FOX
KNSD	nbcsandiego.com	NBC
KNTV	nbcbayarea.com	NBC
WVIT	nbcconnecticut.com	NBC
WRC-TV	nbcwashington.com	NBC
WTVJ	nbcmiami.com	NBC
WMAQ-TV	nbcchicago.com	NBC
WBTS-LD	nbcboston.com	NBC
WNBC	nbcnewyork.com	NBC
WCAU	nbcphiladelphia.com	NBC
KXAS-TV	nbcdfw.com	NBC
KTEN	kten.com	NBC
WALB-TV	walb.com	NBC
WNYT	wnyt.com	NBC
KOB-TV	kob.com	NBC
KALB-TV	kalb.com	NBC
KTUU-TV	ktuu.com	NBC
WXIA-TV	11alive.com	NBC
WAGT-CD	26nbc.com	NBC
KXAN-TV	kxan.com	NBC
KGET-TV	kget.com	NBC
WBAL-TV	wbaltv.com	NBC
WLBZ	newscentermaine.com	NBC
KULR-TV	kulr8.com	NBC
WVTM-TV	wvtm13.com	NBC
WVVA	wvva.com	NBC
KTVB	ktvb.com	NBC
WNKY	wnky.com	NBC
KVEO-TV	kveo.com	NBC
KAGS-LD	kagstv.com	NBC
WGRZ	wgrz.com	NBC
KCWY	kcwy13.com	NBC
WCBD-TV	counton2.com	NBC
WCNC-TV	wcnc.com	NBC
WVIR-TV	nbc29.com	NBC
WRCB-TV	wrcbtv.com	NBC
WLWT	wlwt.com	NBC
WBOY-TV	wboy.com	NBC
WKYC-TV	wkyc.com	NBC
KOMU-TV	komu.com	NBC
WIS-TV	wistv.com	NBC
WLTZ	wltz.com	NBC
WCMH-TV	nbc4i.com	NBC
KRIS-TV	kristv.com	NBC
KWQC-TV	kwqc.com	NBC
WDTN	wdtn.com	NBC
WESH	wesh.com	NBC
WAND	wandtv.com	NBC
KUSA-TV	9news.com	NBC
WHO-TV	whotv.com	NBC
WDIV	clickondetroit.com	NBC
WRGX-LD	nbcwiregrass.com	NBC
WEAU	weau.com	NBC
KTSM-TV	ktsm.com	NBC
KENV	kenvtv.com	NBC
WETM-TV	mytwintiers.com	NBC
KMTR	nbc16.com	NBC
KIEM-TV	kiem-tv.com	NBC
WFIE	14news.com	NBC
KNAZ-TV	12news.com	NBC
WBBH-TV	nbc-2.com	NBC
KSNG	ksn.com	NBC
KKCO	nbc11news.com	NBC
WOOD-TV	woodtv.com	NBC
WGBA-TV	nbc26.com	NBC
WYFF	wyff4.com	NBC
KSNB-TV	KSNBlocal4.com	NBC
KTVH	ktvh.com	NBC
KPRC-TV	click2houston.com	NBC
WSAZ-TV	wsaz.com	NBC
WAFF	waff.com	NBC
WTHR	wthr.com	NBC
WNBJ-LD	wnbjtv.com	NBC
WJAC-TV	wjactv.com	NBC
KATH-LD	kath.tv	NBC
KSHB-TV	kshb.com	NBC
KOTI	kobi5.com/	NBC
WBIR-TV	wbir.com	NBC
KPLC-TV	kplctv.com	NBC
WGAL-TV	wgal.com	NBC
KGNS-TV	kgns.tv	NBC
KSNV	news3lv.com	NBC
WDAM-TV	wdam.com	NBC
WLEX-TV	lex18.com	NBC
KARK-TV	kark.com	NBC
WAVE-TV	wave3.com	NBC
KCBD-TV	kcbd.com	NBC
WMGT-TV	41nbc.com	NBC
WMTV	nbc15.com	NBC
WLUC-TV	uppermichiganssource.com	NBC
KOBI	kobi5.com	NBC
WMC-TV	wmcactionnews5.com	NBC
WTMJ-TV	tmj4.com	NBC
KARE	kare11.com	NBC
WPMI-TV	mynbc15.com	NBC
WSFA-TV	wsfa.com	NBC
WMBF-TV	wmbfnews.com	NBC
WSMV	wsmv.com	NBC
WDSU-TV	wdsu.com	NBC
KWES-TV	newswest9.com	NBC
KFOR-TV	kfor.com	NBC
WOWT	wowt.com	NBC
WILX-TV	wilx.com	NBC
WPSD-TV	wpsdlocal6.com	NBC
KMIR-TV	kmir.com	NBC
WTAP-TV	thenewscenter.tv	NBC
WEEK-TV	week.com	NBC
WPXI	wpxi.com	NBC
WPTZ	mynbc5.com	NBC
KPVI	kpvi.com	NBC
WCSH-TV	newscentermaine.com	NBC
KGW-TV	kgw.com	NBC
WAVY-TV	wavy.com	NBC
WJAR-TV	turnto10.com	NBC
KOAA-TV	koaa.com	NBC
WRAL-TV	wral.com	NBC
KNBN	newscenter1.tv	NBC
WRDE-LD	wrdetv.com	NBC
KRNV	mynews4.com	NBC
WJFW-TV	wjfw.com	NBC
KNDU	kndu.com	NBC
WWBT	nbc12.com	NBC
WSLS-TV	wsls.com	NBC
KTTC	kttc.com	NBC
WHEC-TV	whec.com	NBC
WREX-TV	wrex.com	NBC
KCRA-TV	kcra.com	NBC
WEYI-TV	nbc25news.com	NBC
KSDK	ksdk.com	NBC
KSBW-TV	ksbw.com	NBC
KSL-TV	ksl.com	NBC
WOAI-TV	news4sanantonio.com	NBC
KSBY	ksby.com	NBC
WSAV-TV	wsav.com	NBC
KING-TV	king5.com	NBC
KTIV	ktiv.com	NBC
KDLT-TV	kdlt.com	NBC
WNDU-TV	wndu.com	NBC
KHQ-TV	khq.com	NBC
WWLP	wwlp.com	NBC
KYTV	ky3.com	NBC
KBJR-TV	kbjr6.com	NBC
WFLA-TV	wfla.com	NBC
KCEN-TV	kcentv.com	NBC
WNWO-TV	nbc24.com	NBC
KVOA-TV	kvoa.com	NBC
KJRH-TV	kjrh.com	NBC
WTVA	wtva.com	NBC
WKTV	wktv.com	NBC
WITN-TV	witn.com	NBC
KWWL-TV	kwwl.com	NBC
WPTV	wptv.com	NBC
WECT	wect.com	NBC
WXII-TV	wxii12.com	NBC
KNDO	nbcrightnow.com	NBC
WFMJ-TV	wfmj.com	NBC
KYMA	kyma.com	NBC
WHIZ-TV	whiznews.com	NBC
KUAM-TV	kuam.com	NBC
WVGN-LD	wvgn.com	NBC
PJA-TV	15atv.com	NBC
KNBC	nbclosangeles.com	NBC
